AUC,F1,Precision,Recall
0.7928876244665718,0.7103825136612022,0.9027777777777778,0.5855855855855856
