metric,fold_mean,global
AUC,,0.736069222383721
F1,0.5458273496678983,0.6399286987522281
Precision,0.5918367346938775,0.5187861271676301
Recall,0.5184236142761488,0.8348837209302326
