metric,fold_mean,global
AUC,,0.7171190893169876
F1,0.5345433237898537,0.6746794871794872
Precision,0.6,0.5782967032967034
Recall,0.49538068494639953,0.8096153846153846
