metric,fold_mean,global
AUC,,0.7741536429991438
F1,0.5363096217686937,0.6603921568627451
Precision,0.6,0.5390524967989757
Recall,0.5024866522366522,0.8522267206477733
