metric,fold_mean,global
AUC,,0.7257963722599667
F1,0.5269711010278746,0.6084142394822006
Precision,0.5918367346938775,0.48704663212435234
Recall,0.493343720863035,0.8103448275862069
