Precision,Recall,F1,ROC
0.5555555555555556,0.8333333333333334,0.6666666666666666,0.8611111111111112
