Precision,Recall,F1
0.5555555555555556,0.8333333333333334,0.6666666666666666
