metric,fold_mean,global
AUC,,0.776914370292978
F1,0.5383894076284045,0.6923707957342083
Precision,0.6,0.5820689655172414
Recall,0.5046979797979798,0.854251012145749
