metric,fold_mean,global
AUC,,0.7351104674659841
F1,0.5427657961868568,0.6992
Precision,0.6,0.5986301369863014
Recall,0.5080979554279514,0.8403846153846154
